{
    "openrpc": "1.3.2",
    "info": {
        "title": "Juno RPC API",
        "version": "0.1",
        "description": "Provides additional (Juno specific) methods over and above the Starknet RPC API"
    },
    "methods": [
        {
            "name": "juno_version",
            "summary": "The version of the Juno node hosting this API.",
            "params": [],
            "result": {
                "name": "Juno node version",
                "required": true,
                "schema": {
                    "type": "string",
                    "description": "A semver-compatible version string"
                }
            }
        }
    ],
    "components": {
        "contentDescriptors": {},
        "schemas": {},
        "errors": {}
    }
}
