{
    "title": "mmcloughlin/addchain: v0.4.0",
    "description": "Cryptographic Addition Chain Generation in Go",
    "version": "0.4.0",
    "publication_date": "2021-10-30",
    "upload_type": "software",
    "access_right": "open",
    "license": "BSD-3-Clause",
    "creators": [
        {
            "name": "McLoughlin, Michael Ben",
            "orcid": "0000-0003-2347-6258"
        }
    ],
    "related_identifiers": [
        {
            "identifier": "https://github.com/mmcloughlin/addchain/tree/v0.4.0",
            "relation": "isSupplementTo",
            "scheme": "url"
        }
    ],
    "references": [
        "Adamu Muhammad Noma, Abdullah Muhammed, Mohamad Afendee Mohamed and Zuriati Ahmad Zulkarnain. A Review on Heuristics for Addition Chain Problem: Towards Efficient Public Key Cryptosystems. Journal of Computer Science. 2017. https://thescipub.com/pdf/10.3844/jcssp.2017.275.289.pdf",
        "Diego F. Aranha, Paulo S. L. M. Barreto, Geovandro C. C. F. Pereira and Jefferson E. Ricardini. A note on high-security general-purpose elliptic curves. Cryptology ePrint Archive, Report 2013/647. 2013. https://eprint.iacr.org/2013/647",
        "Bos, Jurjen and Coster, Matthijs. Addition Chain Heuristics. In Advances in Cryptology --- CRYPTO' 89 Proceedings, pages 400--407. 1990. https://link.springer.com/content/pdf/10.1007/0-387-34805-0_37.pdf",
        "Martin Otto. Brauer addition-subtraction chains. PhD thesis, Universitat Paderborn. 2001. http://www.martin-otto.de/publications/docs/2001_MartinOtto_Diplom_BrauerAddition-SubtractionChains.pdf",
        "F Bergeron, J Berstel, S Brlek and C Duboc. Addition chains using continued fractions. Journal of Algorithms. 1989. http://www-igm.univ-mlv.fr/~berstel/Articles/1989AdditionChainDuboc.pdf",
        "Richard E. Crandall. Method and apparatus for public key exchange in a cryptographic system. US Patent 5,159,632. 1992. https://patents.google.com/patent/US5159632A",
        "Bernstein, Daniel J. Curve25519: New Diffie-Hellman Speed Records. In Public Key Cryptography - PKC 2006, pages 207--228. 2006. https://cr.yp.to/ecdh/curve25519-20060209.pdf",
        "Brian Smith. The Most Efficient Known Addition Chains for Field Element and Scalar Inversion for the Most Popular and Most Unpopular Elliptic Curves. 2017. https://briansmith.org/ecc-inversion-addition-chains-01 (accessed June 30, 2019)",
        "Bergeron, F., Berstel, J. and Brlek, S. Efficient computation of addition chains. Journal de theorie des nombres de Bordeaux. 1994. http://www.numdam.org/item/JTNB_1994__6_1_21_0",
        "Daniel J. Bernstein, Mike Hamburg, Anna Krasnova and Tanja Lange. Elligator: Elliptic-curve points indistinguishable from uniform random strings. Cryptology ePrint Archive, Report 2013/325. 2013. https://eprint.iacr.org/2013/325",
        "NIST. Digital Signature Standard (DSS). Federal Information Processing Standards Publication 186-2. 2000. https://csrc.nist.gov/csrc/media/publications/fips/186/2/archive/2000-01-27/documents/fips186-2.pdf",
        "Amadou Tall and Ali Yassin Sanghare. Efficient computation of addition-subtraction chains using generalized continued Fractions. Cryptology ePrint Archive, Report 2013/466. 2013. https://eprint.iacr.org/2013/466",
        "Kunihiro, Noboru and Yamamoto, Hirosuke. New Methods for Generating Short Addition Chains. IEICE Transactions on Fundamentals of Electronics Communications and Computer Sciences. 2000. https://pdfs.semanticscholar.org/b398/d10faca35af9ce5a6026458b251fd0a5640c.pdf",
        "Riad S. Wahby. kwantam/addchain. Github Repository. Apache License, Version 2.0. 2018. https://github.com/kwantam/addchain",
        "Mike Hamburg. Ed448-Goldilocks, a new elliptic curve. Cryptology ePrint Archive, Report 2015/625. 2015. https://eprint.iacr.org/2015/625",
        "Riad S. Wahby and Dan Boneh. Fast and simple constant-time hashing to the BLS12-381 elliptic curve. Cryptology ePrint Archive, Report 2019/403. 2019. https://eprint.iacr.org/2019/403",
        "Christophe Doche. Exponentiation. Handbook of Elliptic and Hyperelliptic Curve Cryptography, chapter 9. 2006. http://koclab.cs.ucsb.edu/teaching/ecc/eccPapers/Doche-ch09.pdf",
        "Knuth, Donald E. Evaluation of Powers. The Art of Computer Programming, Volume 2 (Third Edition): Seminumerical Algorithms, chapter 4.6.3. 1997. https://www-cs-faculty.stanford.edu/~knuth/taocp.html",
        "Ayan Nandy. Modifications of Bos and Coster’s Heuristics in search of a shorter addition chain for faster exponentiation. Masters thesis, Indian Statistical Institute Kolkata. 2011. http://library.isical.ac.in:8080/jspui/bitstream/10263/6441/1/DISS-285.pdf",
        "F. L. Ţiplea, S. Iftene, C. Hriţcu, I. Goriac, R. Gordân and E. Erbiceanu. MpNT: A Multi-Precision Number Theory Package, Number Theoretical Algorithms (I). Technical Report TR03-02, Faculty of Computer Science, \"Alexandru Ioan Cuza\" University, Iasi. 2003. https://profs.info.uaic.ro/~tr/tr03-02.pdf",
        "Daniel J. Bernstein and Tanja Lange. Security dangers of the NIST curves. 2013. https://cr.yp.to/talks/2013.09.16/slides-djb-20130916-a4.pdf",
        "Michael Scott, Naomi Benger, Manuel Charlemagne, Luis J. Dominguez Perez and Ezekiel J. Kachisa. On the final exponentiation for calculating pairings on ordinary elliptic curves. Cryptology ePrint Archive, Report 2008/490. 2008. https://eprint.iacr.org/2008/490",
        "Daniel J. Bernstein and Tanja Lange. SafeCurves: choosing safe curves for elliptic-curve cryptography. https://safecurves.cr.yp.to",
        "Certicom Research. SEC 2: Recommended Elliptic Curve Domain Parameters, Version 2.0. Standards for Efficient Cryptography 2. 2010. https://safecurves.cr.yp.to/www.secg.org/sec2-v2.pdf",
        "Jerome A. Solinas. Generalized Mersenne Primes. Technical Report CORR 99-39, Centre for Applied Cryptographic Research (CACR) at the University of Waterloo. 1999. http://cacr.uwaterloo.ca/techreports/1999/corr99-39.pdf",
        "Stam, Martijn. Speeding up subgroup cryptosystems. PhD thesis, Technische Universiteit Eindhoven. 2003. https://cr.yp.to/bib/2003/stam-thesis.pdf"
    ]
}
